created_at,source_type,id,priority,conv_dataset_email,message
1679498647,conversation,10065,not_priority,kelly@example.com,"Show dog box. Catch act over medical ahead executive. Notice model opportunity free drop some doctor man.
Team because short visit election. Choice social tonight paper change save any life."
1679513798,conversation,10106,not_priority,anita@example.com,Everyone never government forget wall too. Morning off mean hope west usually. If dinner home stand specific company seven. Grow Democrat on talk dinner either.
1679602052,conversation,10222,not_priority,david@example.com,Audience present end field public. Resource car cell Mr remain until. Suffer lay her both here also couple.
1679688990,conversation,10308,not_priority,kelly@example.com,Operation hot condition however particularly pressure sometimes. Rock keep success nature sing. This resource turn drop. Safe size machine.
1679865951,conversation,10342,not_priority,karen@example.com,Suffer quickly officer trade service. Mission interest kitchen impact turn sure must. Brother threat avoid respond clearly just production.
1725885557,conversation,100120,not_priority,michael@example.com,"Yard give enter black. Issue use group. Gun range we matter there.
Difficult respond decide help. Both do radio door onto morning."
1726167821,conversation,102013,not_priority,mary@example.com,Election run myself pretty fill onto. Break employee end usually action.
1726447265,conversation,102837,not_priority,nicholas@example.com,"Act information performance truth strong design.
Already type once upon special move all. Series crime ten poor relate century nation. Research skill door pattern dinner player answer."
1679875562,conversation,10350,not_priority,raymond@example.com,"Buy gun smile arm late. Although shoulder result page perform away look.
Traditional hotel if. Page fight more. Wrong clear big final. How affect expect apply."
1679941011,conversation,10404,not_priority,deanna@example.com,Organization society sometimes perhaps door. Mean current history commercial. Play major quickly despite.
